dataset,M-of-N count,BAcc (test),BAcc (train),Acc (test),Acc (train),rules,conditions_count,avg conditions per rule,avg rule quality,avg rule precision,avg rule coverage,training time total (s),training time growing (s),training time pruning (s),rules_per_example (train) ,rules_per_example (test) ,voting_conflicts (train) ,voting_conflicts (test) ,negative_voting_conflicts (train) ,negative_voting_conflicts (test) ,induction measure,pruning measure,voting measure,variant,model_type,M-of-N count (std),BAcc (test) (std),BAcc (train) (std),Acc (test) (std),Acc (train) (std),rules (std),conditions_count (std),avg conditions per rule (std),avg rule quality (std),avg rule precision (std),avg rule coverage (std),training time total (s) (std),training time growing (s) (std),training time pruning (s) (std),rules_per_example (train)  (std),rules_per_example (test)  (std),voting_conflicts (train)  (std),voting_conflicts (test)  (std),negative_voting_conflicts (train)  (std),negative_voting_conflicts (test)  (std)
anneal,0.5555555555555556,0.9690196078431372,0.9830796371058544,0.9925925925925926,0.996837353698287,18.33333333333333,33.666666666666664,1.833701151025712,0.6966203060813991,0.998459290181455,0.0984132098683466,1689926268.971724,0.0510393725555555,0.0065596507777777,1.8173876874708488,1.8012068248023303,3.4444444444444446,0.8888888888888888,3.4444444444444446,0.5555555555555556,C2,C2,C2,no_discretization,at_least_M-of-N,0.7264831572567789,0.0834853860779317,0.0151714668617782,0.011111111111111,0.0059067542070096,1.6583123951777,3.8078865529319534,0.0714446425182285,0.0047903576636596,0.0034009446944133,0.0173602202176743,3.5262526026761494,0.0165956322149807,0.0016345694896533,0.4281748879756771,0.4139201187024734,4.503085362035432,0.7817359599705717,4.503085362035432,0.7264831572567789
anneal,0.0,0.9693464052287584,0.9836207626469798,0.9938271604938272,0.9989000599689142,16.444444444444443,34.111111111111114,2.0677512817992696,0.7358867575751105,0.9995492983450394,0.1256957201417656,0.2122154472222222,0.3476798239999999,0.0068858872222222,2.080573369450666,2.0543903454015813,2.111111111111111,0.8888888888888888,2.111111111111111,0.4444444444444444,C2,C2,C2,no_discretization,complex,0.0,0.0836145198378852,0.015731506868302,0.0112643750561077,0.0013045499341906,1.4240006242195884,4.728753653037035,0.1393596033208886,0.0075245479234647,0.0005856356913784,0.0197470939274538,0.0718779266814174,0.0632949953811745,0.001041814876981,0.4426979584476541,0.4271803941878384,1.2692955176439846,0.7817359599705717,1.2692955176439846,0.7264831572567789
anneal,3.4444444444444446,0.9690196078431372,0.9702007905684712,0.9925925925925926,0.9955997299359108,18.88888888888889,32.666666666666664,1.7254309521079387,0.7117069513148642,0.997909140971098,0.0990836318833197,0.2833050356970893,0.0376119611111111,0.0074640523333333,1.8747253124570804,1.8642114024136491,3.6666666666666665,1.0,3.6666666666666665,0.5555555555555556,C2,C2,C2,no_discretization,exact_M-of-N,1.0137937550497031,0.0834853860779317,0.0306748420477054,0.011111111111111,0.0066393142763674,1.0540925533894598,3.4278273002005224,0.0969295354210422,0.0112950705676773,0.0035738785494543,0.0147316578907518,0.0499875709086758,0.0087085331217222,0.0009317418947688,0.309447412490705,0.2842537554277068,4.358898943540674,0.7071067811865476,4.358898943540674,0.7264831572567789
anneal,0.0,0.9841176470588232,0.9700845487855628,0.9938271604938272,0.9980749774606632,36.888888888888886,73.22222222222223,1.9831190075092515,0.6330263121411028,0.9996173169713763,0.108128436012273,0.0902586014444444,0.1753130903333333,0.0125124022222222,3.9902166360022897,3.943071161048688,1.1111111111111112,1.1111111111111112,0.4444444444444444,0.4444444444444444,C2,C2,C2,no_discretization,plain,0.0,0.0210309542832056,0.0046898292010722,0.0058560697410525,0.0012548001326121,2.204792759220492,6.119186583561939,0.0669195737696446,0.0060109291381255,0.0004904847715022,0.0086751851018852,0.0317468564701582,0.046502317628148,0.0014905097719994,0.4115109466006366,0.541634236303166,1.3642254619787415,1.0540925533894598,0.7264831572567789,0.7264831572567789
auto-mpg,5.0,0.7104232804232804,0.9510017926488974,0.8108262108262109,0.9692867109651786,59.11111111111112,188.33333333333331,3.186116099699032,0.6044624916794189,0.9901684813959132,0.1072479128370685,1689928046.5853472,1.9772606693333332,0.0259512826666666,6.3382404050149646,6.472934472934472,21.88888888888889,9.0,11.444444444444445,4.555555555555555,C2,C2,C2,no_discretization,at_least_M-of-N,3.8078865529319534,0.0797416265781069,0.0256746725034323,0.0582976120238392,0.0149665448958099,3.5512126254437524,24.34132288927617,0.359084872361959,0.0102260715481506,0.0059367696616912,0.0129916212237619,23.06608851675567,1.383919892905115,0.007918299454844,0.8392549906581138,1.3204347818060314,11.623730516108465,2.23606797749979,8.017342313870463,1.810463415200036
auto-mpg,0.0,0.6775132275132275,0.8971245166472084,0.7941595441595442,0.9419744825356317,32.666666666666664,88.88888888888889,2.719576442024996,0.6112465674936409,0.9810221893544754,0.1299183725392377,4.876371385666667,9.037953059333333,0.0131541987777777,4.217878824031856,4.329700854700856,32.55555555555556,7.777777777777778,13.77777777777778,3.7777777777777777,C2,C2,C2,no_discretization,complex,0.0,0.0658223653042827,0.0231166217485694,0.0549849477008479,0.0139678745823111,3.1224989991992,10.856385729657504,0.181170602794888,0.0136464556328448,0.0056002777496283,0.0181024976364313,1.4616597566979177,1.926009107647828,0.0043064125475142,0.4997649894790061,0.8145133856427346,10.333333333333334,2.6352313834736494,7.726217990999506,1.7159383568311668
auto-mpg,9.11111111111111,0.6929100529100528,0.8929257127124889,0.7968660968660968,0.9357740741317092,58.888888888888886,168.0,2.856902033477858,0.5983457188045688,0.9859677001207796,0.1145722939793678,1.6614669958750408,1.1533029392222225,0.0251206353333333,6.72196891496311,6.921509971509972,49.77777777777778,10.555555555555555,25.0,5.444444444444445,C2,C2,C2,no_discretization,exact_M-of-N,3.689323936863109,0.0610790603439251,0.0368847254414382,0.0573542843608564,0.0209031990095991,3.7896056669673577,9.643650760992957,0.1358356782642037,0.0045015964947943,0.0084231666510514,0.0175585522979175,0.6398551447862332,0.6572496537054866,0.0069694992207118,0.8904188407113928,1.342789030004344,22.725414065412416,2.006932429798716,16.72572868367773,2.4037008503093262
auto-mpg,0.0,0.6854232804232804,0.8648576127547176,0.8050569800569801,0.919950583471226,64.44444444444444,187.22222222222223,2.904997770905129,0.5807280156284649,0.9803703745459073,0.1161898096406144,0.1337776295555555,0.3180901065555555,0.0322048622222222,7.496074169748716,7.577991452991453,63.66666666666666,10.0,30.88888888888889,5.222222222222222,C2,C2,C2,no_discretization,plain,0.0,0.0694222980559714,0.036665574084096,0.0388355803029273,0.0187367491919346,1.810463415200036,9.39118972465387,0.1184850221264391,0.0061734991295955,0.0035857194373449,0.0112629951755146,0.0532687068650019,0.1245821460905744,0.0205365628986177,0.8343546364905042,1.5634485615150937,22.754120505965503,2.0,17.366954572149695,2.438123139721299
autos,3.2222222222222223,0.7193386243386244,0.9782428936123092,0.7298941798941799,0.9759009009009008,43.888888888888886,90.0,2.051389468456371,0.6284388281829743,0.9952174425166846,0.0526359648241242,1689926289.342086,0.3694865823333333,0.0201660549999999,2.304416372894634,2.1500000000000004,5.555555555555555,3.555555555555556,5.111111111111111,3.0,C2,C2,C2,no_discretization,at_least_M-of-N,1.3944333775567928,0.0856347367489971,0.0150210956866101,0.1089276679061611,0.0156297005947896,2.3687784005919825,8.381527307120106,0.1672548955113174,0.0115398491929609,0.0059976635810049,0.0058613975715023,6.970184650328879,0.21533716660786,0.0060696119287375,0.2259216579146833,0.1714616370227508,6.24722160466377,1.509230856356236,5.600099205470481,1.8027756377319943
autos,0.0,0.7390388007054675,0.9779924132205484,0.7621693121693123,0.9783228881054968,33.22222222222222,68.11111111111111,2.046524349352957,0.6628782472775223,0.9940400300497192,0.0661695753485019,1.0686937693333336,3.228315665777778,0.0049956928888888,2.19936675806241,2.050793650793651,4.0,3.7777777777777777,3.888888888888889,3.2222222222222223,C2,C2,C2,no_discretization,complex,0.0,0.081922183113683,0.0097076598932431,0.0985470153547217,0.0076264040799967,2.5873624493766707,7.865183475997946,0.1028370208014674,0.0128963759756681,0.0033802369953327,0.0054086277100718,0.3724864855377782,0.9664482438010024,0.0014094453820751,0.2577068179427222,0.1851640199545102,2.549509756796392,1.3944333775567928,2.4720661623652207,1.301708279317776
autos,6.333333333333333,0.7425308641975309,0.9860927099521004,0.7616402116402117,0.9855398877138006,43.888888888888886,85.66666666666667,1.9540088116891283,0.6296393965931364,0.996558970681466,0.0524733642032855,0.4868320888943142,0.2808432218888888,0.027419708111111,2.2957305131218173,2.125132275132275,4.444444444444445,3.2222222222222223,3.6666666666666665,2.555555555555556,C2,C2,C2,no_discretization,exact_M-of-N,1.6583123951777,0.0716786675915443,0.0067193189996235,0.1014872709395685,0.006658341307526,2.571208103423585,6.041522986797286,0.1198521633694016,0.0122629246391171,0.0059059427826167,0.0061135146931667,0.1248706274514045,0.1320172025935362,0.0152530647372638,0.2333153478669164,0.1715860351185953,8.110350040397627,1.092906420717,7.399324293474371,1.2360330811826103
autos,0.0,0.7556613756613756,0.9532853056732056,0.7621693121693122,0.9626452539496017,52.55555555555556,138.33333333333334,2.6317334719011867,0.6191680696351146,0.99235143375505,0.0542559077100139,0.0835773837777777,0.2786591843333333,0.0184495516666666,2.849689907298603,2.644708994708995,9.77777777777778,4.777777777777778,8.777777777777779,4.555555555555555,C2,C2,C2,no_discretization,plain,0.0,0.0792777694352672,0.0418306225821008,0.0859408748106214,0.0096013930974762,1.2360330811826103,9.526279441628825,0.161754423262892,0.0076828760089701,0.0043566277855126,0.0053155236586812,0.0236993520489043,0.0557554351643686,0.0178364060769804,0.2671047041041287,0.4359025383359102,6.476453075908482,1.563471919941143,5.97448277631164,1.5898986690282426
balance-scale,17.22222222222222,0.935285531837256,0.9612362612362612,0.9698469590942708,0.97925731145708,33.44444444444444,84.0,2.502325940276604,0.6434793530477246,0.9481757714752792,0.1659029384894644,1689926533.6913843,0.1434015356666666,0.0096746462222221,5.554179334989434,5.34294817090516,174.66666666666666,21.88888888888889,152.66666666666666,18.88888888888889,C2,C2,C2,no_discretization,at_least_M-of-N,5.540256712864887,0.0598596603206541,0.0069069385830701,0.0217187233316265,0.003770794126242,3.711842908553349,13.038404810405298,0.1238371774547286,0.0117596884873238,0.0135547089254535,0.0057932077728583,4.000061376549178,0.0257886097909491,0.0029014902808082,0.7078204137041512,0.9382111058397832,85.4619798506915,8.417904199449595,69.7137002317335,6.827233049421348
balance-scale,0.0,0.8975551906586391,0.935760035760036,0.9431643625192012,0.968193818490589,29.77777777777778,80.66666666666667,2.7124573758750623,0.6336217300590703,0.9279484553063878,0.1725693533270491,0.0481769653333333,0.1084646226666666,0.0082025218888888,5.138852192014901,4.941884280593959,90.11111111111111,12.444444444444445,77.0,10.22222222222222,C2,C2,C2,no_discretization,complex,0.0,0.0514901852205906,0.0107421467371432,0.0400330145210648,0.0046582199260698,1.7873008824606014,3.8078865529319534,0.1038429909744007,0.0097412329602504,0.0118063648743021,0.0029386978030646,0.0022286114985527,0.0040738843070074,0.0009626545622652,0.3232385592293579,0.5770434540301456,15.136416719656973,4.901813723284247,4.47213595499958,3.6666666666666665
balance-scale,1.7777777777777777,0.9674694398832328,0.9622361622361624,0.9804289696762816,0.9806398530158508,19.77777777777778,50.888888888888886,2.570189362294625,0.6751961693835847,0.9191866991527026,0.2060228503831442,0.5397948688930936,0.1241895093333333,0.006375940111111,4.074063422030907,3.9980087614496216,118.33333333333331,15.77777777777778,105.44444444444444,13.666666666666666,C2,C2,C2,no_discretization,exact_M-of-N,0.4409585518440984,0.0505499957224477,0.003893620078961,0.0192558155264571,0.0018769031251669,0.8333333333333333,4.567396535348241,0.1525292832210317,0.0109720218572262,0.012490926742588,0.0065081857785996,0.0556456499876154,0.040752016562823,0.001219690935584,0.1981693688809746,0.4194667875193415,25.985572920372565,5.494947173944845,27.427682690628057,4.031128874149275
balance-scale,0.0,0.6062306148513046,0.7462415962415963,0.8364624224839279,0.9158426550416588,81.44444444444444,307.8888888888889,3.782823155041045,0.4835297835985456,0.8415140289237693,0.0782430051268135,0.0661054627777777,0.1370237731111111,0.0374740508888888,6.349642196699459,5.9523809523809526,171.44444444444446,21.22222222222222,163.88888888888889,20.444444444444443,C2,C2,C2,no_discretization,plain,0.0,0.0173786196937028,0.0248098402964577,0.024679958862679,0.0084416363466686,5.74697988318889,18.811196429549906,0.0561635064608486,0.0065720199623558,0.0151797060964727,0.0053891922024836,0.0124677661146165,0.0264203909857352,0.0060940582898187,0.2553657714038679,0.6582783059793772,49.57345840041602,6.495725089968359,62.176049336630506,6.912147117775907
bupa-liver-disorders,10.333333333333334,0.6853174603174603,0.9895224839245196,0.7010270774976657,0.9896195645910404,92.0,225.88888888888889,2.454528354549165,0.5345941089606498,0.9973747134624978,0.0380174851541056,1689926466.7561176,1.683669867222222,0.0241202631111111,3.4933029077205,3.4799253034547157,8.88888888888889,11.666666666666666,6.111111111111111,7.222222222222222,C2,C2,C2,no_discretization,at_least_M-of-N,4.123105625617661,0.0998865569685858,0.0055417951986664,0.0946346635367773,0.0059845434956779,2.6457513110645907,16.151195346199955,0.1451709907823048,0.003902004622804,0.0020458447589673,0.0043677605815066,27.194293891695043,0.3041003586286575,0.0040770676310891,0.3741686157847718,0.3551495149389628,9.006170724070865,3.0413812651491097,8.978369067437086,3.419714088113865
bupa-liver-disorders,0.0,0.6722222222222223,0.9916895021856854,0.6815126050420168,0.9921273726791824,58.11111111111112,137.22222222222223,2.3617547330844126,0.5462121957045213,0.9976983894321624,0.0491544716315341,1.221385992777778,2.211208941222222,0.0134143966666666,2.853602092913368,2.902894491129785,6.0,12.22222222222222,1.5555555555555556,5.888888888888889,C2,C2,C2,no_discretization,complex,0.0,0.0879362303731795,0.0032460704587332,0.0806952435772593,0.0032599570515839,2.147349787787521,7.049428660852199,0.0954805352936599,0.003270285793704,0.0026541918361993,0.0036211707065302,0.2590556901176588,0.4475396321026262,0.0017436275305058,0.1928250351207016,0.3773659238028144,11.423659658795865,2.6822461565718467,1.9436506316151003,2.3687784005919825
bupa-liver-disorders,20.77777777777778,0.6985449735449735,0.9761787477436332,0.7136321195144725,0.9767324735792736,90.22222222222224,215.77777777777777,2.391678615585276,0.5303912129463124,0.9911573256179448,0.0427273710992512,4.180485778384739,1.3113297054444444,0.0300108006666666,3.852867959755213,3.734920634920635,30.22222222222222,13.444444444444445,17.88888888888889,7.777777777777778,C2,C2,C2,no_discretization,exact_M-of-N,9.756764035500932,0.0889413553350661,0.0144781852881019,0.0811172272137056,0.0126805123722807,2.5873624493766707,12.12206436397878,0.1183478880848665,0.0036629065654457,0.0036240427284242,0.0047684403152666,1.1551574522186183,0.4394010878959888,0.0065122601342958,0.431186161133615,0.451703558363152,13.34894918877304,3.2058973436118907,10.080233683358294,3.492054473292827
bupa-liver-disorders,0.0,0.688095238095238,0.9917574650399078,0.704201680672269,0.9924800331915776,102.55555555555556,340.1111111111111,3.3161780684437807,0.5364110332239966,0.9977738960048488,0.0391735383239278,0.1084203412222222,0.1809902375555555,0.022840924111111,4.015874332999113,4.120074696545284,4.888888888888889,11.22222222222222,2.0,6.333333333333333,C2,C2,C2,no_discretization,plain,0.0,0.062768696792686,0.0034556667750438,0.0547203378389434,0.0039550323432388,3.2829526005987013,12.936812246883353,0.0594213302013128,0.0021619828349371,0.0008445265039244,0.001805804046843,0.0206463007145669,0.0399399716962901,0.0024115368850213,0.1925027809728944,0.6173665178411073,3.370624736026114,3.961621441334904,2.8284271247461903,3.122498999199199
car,15.11111111111111,0.6754977036077515,0.6954716420743718,0.8457155232931548,0.848102609176432,45.55555555555556,207.55555555555557,4.3167934844574924,0.4991635586610776,0.8804176631107306,0.1380503589994731,1689926332.4408834,0.525665445888889,0.0816280629999999,5.709092027909343,5.585077145972428,701.8888888888889,76.66666666666667,267.55555555555554,30.666666666666668,C2,C2,C2,no_discretization,at_least_M-of-N,9.905105305402415,0.1164124692658121,0.0897844909057353,0.0520652983633886,0.0495743540819308,12.991450179936718,114.44224647296022,1.02666027515404,0.0290752073035223,0.0492832718699216,0.0593910197550504,7.387528634714072,0.1184262633787011,0.0218209700193095,2.016170379379785,1.8425426690936195,258.67520389691606,27.04163456597992,61.63219757381509,5.830951894845301
car,0.0,0.6415036761926713,0.7125603968796266,0.8618056489074098,0.8812523936661183,50.888888888888886,255.0,4.986895195806059,0.5099232050784326,0.8681686451612026,0.0642162796949513,0.2415873504444444,0.404369599,0.0647515888888888,3.234426819714349,3.2371958596585566,316.44444444444446,36.22222222222222,261.77777777777777,30.33333333333333,C2,C2,C2,no_discretization,complex,0.0,0.0914491461582256,0.0306283435314119,0.0192405762090915,0.0084113600823707,7.944250191875324,49.71418308692199,0.2172526535237882,0.0086628537105795,0.0080761397959546,0.0066853626441356,0.0572785630625736,0.0645070824118642,0.0151311178356081,0.3634212483402627,0.4179087335804667,15.009256403225905,2.279132388529557,15.048071120394283,2.692582403567252
car,11.333333333333334,0.7587551337551338,0.7994773615620441,0.8997326402891667,0.9047591363423036,45.55555555555556,212.55555555555557,4.445617436065927,0.5044702534026402,0.8895856387715442,0.1083757470068722,0.700514899359809,0.5101087144444445,0.071251646111111,4.522110632607497,4.498327134770205,757.6666666666666,82.77777777777777,231.44444444444449,26.0,C2,C2,C2,no_discretization,exact_M-of-N,7.729812416870153,0.0930096065335607,0.0467331438225888,0.022815184645016,0.0192470073347123,13.068197189275104,111.72858979588786,0.9501962026102492,0.0252039057634408,0.0449220919911554,0.0393511443012085,0.1508132285626762,0.1383592838304543,0.0213429858110559,1.150129204633876,1.0172736486269451,290.36916158573035,30.38822871515292,25.889723400951542,4.47213595499958
car,0.0,0.6650709958126225,0.8388240187815678,0.8978170602380846,0.9506996622921702,135.22222222222223,599.7777777777778,4.4356698983481815,0.4381777703943176,0.8657126032635083,0.0141765462455218,0.4789117073333333,0.532616081,0.1182542504444444,1.918700674405384,1.8868276799450343,347.1111111111111,41.333333333333336,184.55555555555557,23.444444444444443,C2,C2,C2,no_discretization,plain,0.0,0.1173967282172009,0.0431897987197073,0.0212262430687139,0.0100581334430802,4.2654946306899095,19.305295761641272,0.0519069269286352,0.0048539195518776,0.0081896291340812,0.0011027216495425,0.02885034293451,0.0215224590816147,0.0282934034967076,0.1848726069146925,0.1594205726621823,116.66666666666669,13.294735800308333,58.32047477325419,7.2476049683863
cleveland,7.222222222222222,0.3380936819172113,0.965204389738952,0.5862604540023894,0.9775820584644114,85.88888888888889,249.33333333333331,2.903509977044896,0.5695304059089056,0.9988614124789672,0.0488642462731382,1689928213.707066,1.8684245817777776,0.0669623406666666,4.197746833776246,4.230943847072879,4.777777777777778,9.88888888888889,1.2222222222222223,4.111111111111111,C2,C2,C2,no_discretization,at_least_M-of-N,2.862594006219612,0.0680059058272969,0.0139840270449944,0.0298509505928086,0.0078968704921202,3.48010216963685,14.637281168304447,0.1363991907368176,0.005948003340441,0.0011808124450875,0.0061135931232744,55.890388311250426,0.6004190140519472,0.016190919902544,0.5639090443442455,0.7174665771542148,2.6352313834736494,2.848001248439177,1.7159383568311668,1.7638342073763935
cleveland,0.0,0.2770969498910676,0.945138353581902,0.5679808841099163,0.9584350834350835,67.55555555555556,187.88888888888889,2.7822650504886703,0.5723190269304143,0.9946421112953836,0.0547232560159605,2.040994038555556,5.102494208888889,0.0131348805555555,3.7012826498120623,3.73321385902031,15.333333333333334,9.666666666666666,7.0,4.222222222222222,C2,C2,C2,no_discretization,complex,0.0,0.0667909146113197,0.0154301938310421,0.0448877332433615,0.0096972197709333,3.0046260628866577,7.801353158978967,0.0661873283780693,0.003375694615727,0.0021255243867288,0.0052271692833288,0.4267294090167622,1.1446213884182903,0.0040319523524251,0.4309789474271863,0.4359344690070781,6.082762530298219,3.427827300200522,6.06217782649107,2.8185890875479607
cleveland,18.666666666666668,0.2976416122004357,0.9322450847070662,0.5786140979689366,0.9527295961119492,85.33333333333333,220.66666666666663,2.586536392108415,0.5599932648335963,0.989579711380744,0.0495135292559858,8.690381420983208,1.3103594251111113,0.1069180333333333,4.223962448227154,4.1124253285543615,26.22222222222222,10.22222222222222,13.333333333333334,4.222222222222222,C2,C2,C2,no_discretization,exact_M-of-N,5.0990195135927845,0.0677758721550956,0.0133909202666863,0.0288497070575652,0.008081474914562,2.598076211353316,9.300537618869134,0.0941536908398378,0.0050438438678651,0.0034835098046564,0.0053950318267244,2.7363887932594326,0.3660836374684638,0.0326527442507747,0.4693002590167512,0.4510557594788784,11.46492234794656,2.7738861628488727,8.760707733967616,2.8185890875479607
cleveland,0.0,0.2898202614379084,0.9069834359615464,0.5531660692951016,0.9282856304915128,89.77777777777777,383.0,4.2668223604735305,0.5845468959964388,0.990525455867548,0.0781193096555254,0.1277858706666666,0.3454562152222222,0.0239759572222221,7.018092065886183,6.99557945041816,22.88888888888889,10.555555555555555,6.777777777777778,5.222222222222222,C2,C2,C2,no_discretization,plain,0.0,0.0698651778067807,0.0151321482317508,0.0592767502706368,0.009670318493312,2.488864087178013,13.171939872319482,0.1192261628446921,0.0031395113086513,0.0024894016273507,0.0034243312600398,0.059424705505458,0.1481847497145113,0.0024050580936564,0.4594347125128846,0.7413209322589543,1.964971020425266,3.395258131243894,6.180165405913052,2.10818510677892
cylinder-bands,19.77777777777778,0.7775867457888848,0.9877065959098936,0.7921810699588477,0.9892546867855508,128.66666666666666,272.44444444444446,2.117757326529216,0.5335739927954306,0.9996945552738316,0.033185385803686,1689926470.6854208,1.976618981666667,0.0492884014444444,4.263374485596708,4.154320987654321,1.7777777777777777,17.0,1.0,8.777777777777779,C2,C2,C2,no_discretization,at_least_M-of-N,3.38296385503074,0.1030525189755414,0.0046332996886955,0.0983304464325555,0.0042140623207971,4.9749371855331,14.900596557781764,0.0900131219306503,0.0038772072531544,0.000367727196044,0.003263070428627,69.20532540526378,0.687041235688789,0.0110178631655404,0.3754171473357456,0.5979933293506489,2.386303510546059,3.0413812651491097,1.9364916731037085,2.773886162848873
cylinder-bands,0.0,0.7599553565104056,0.9902478490804324,0.7818930041152262,0.9917695473251028,96.44444444444444,190.22222222222223,1.9727574083406356,0.5290984500534338,0.9991687622185256,0.0311051043920311,5.087777383555555,6.418527744,0.0201775008888888,2.996342021033379,2.958847736625515,3.333333333333333,16.444444444444443,1.1111111111111112,9.77777777777778,C2,C2,C2,no_discretization,complex,0.0,0.0848964835703315,0.0021174108160512,0.0721852812563364,0.0017819452752766,4.639803635691685,9.79512350327674,0.0582490246977165,0.0019402318045852,0.0005006181159617,0.0020317386560486,1.161720399372512,1.282802541903686,0.0029979259241197,0.1864945076322915,0.3211211735599507,1.8708286933869709,3.7453675090407055,1.9649710204252664,3.3458099833141217
cylinder-bands,55.44444444444444,0.744162124399677,0.9880219620528792,0.7530864197530864,0.9890260631001372,129.11111111111111,291.22222222222223,2.257374247380413,0.5398099843639371,0.9994820367805513,0.0388315008198943,9.819625536600748,1.9213853382222217,0.0581018146666666,4.999771376314587,4.84156378600823,2.6666666666666665,17.22222222222222,1.3333333333333333,7.444444444444445,C2,C2,C2,no_discretization,exact_M-of-N,9.355628133790791,0.1016283659028129,0.0029738834358583,0.0948791737588851,0.0034121654221763,6.450667493454542,15.229722402080888,0.1038575566812248,0.0047330692354422,0.0004350587141533,0.0042766772028468,3.451925078658,0.379909197549419,0.0070244356582983,0.4531416463461893,0.9197064782291312,2.738612787525831,3.3458099833141217,1.8708286933869709,2.068278940998476
cylinder-bands,0.0,0.7803840473458286,0.9905947789913584,0.7962962962962963,0.9919981710105168,135.66666666666666,366.3333333333333,2.701155691269856,0.5299403748221326,0.9999271362477165,0.0311209308262261,0.2772097926666667,0.4344502762222222,0.0295731812222221,4.221764974851394,4.244855967078189,0.4444444444444444,15.77777777777778,0.2222222222222222,7.333333333333333,C2,C2,C2,no_discretization,plain,0.0,0.050162831959163,0.0017877421741131,0.0481125224324687,0.0016085102057008,2.0615528128088303,6.819090848492928,0.0802842492186551,0.0017753147452796,0.000107677405963,0.001904312805613,0.0440760626411596,0.0688513024602592,0.0029847212851113,0.2603364066794599,0.3666219784049165,0.7264831572567789,2.9486343354923554,0.4409585518440984,1.8708286933869709
echocardiogram,1.4444444444444444,0.8574074074074074,0.965705448504416,0.8815628815628815,0.9736185555394594,11.333333333333334,30.22222222222222,2.6433566433566438,0.7877714030112286,0.978400890801784,0.3467915916126839,1689926305.6050754,0.047533742111111,0.0012370118888888,3.954013552883609,3.852258852258852,6.333333333333333,1.0,1.0,0.2222222222222222,C2,C2,C2,no_discretization,at_least_M-of-N,2.1278575558006176,0.0924837323032582,0.0091214191248471,0.0774662490203538,0.0065992698070605,1.118033988749895,6.851601597031488,0.3867373433071278,0.0228699735899195,0.0164353543211404,0.03351386337213,1.866720204594928,0.01198427107188,0.0006181631916277,0.7093262413361572,0.8072457297063793,6.224949798994366,1.118033988749895,1.8027756377319943,0.4409585518440984
echocardiogram,0.0,0.8608024691358025,0.9635490157558778,0.8901098901098901,0.9717192203067908,10.77777777777778,26.666666666666668,2.4667789001122333,0.7576876754549621,0.975433818689432,0.315177707833075,0.2179983396666666,0.2999085705555555,0.0016072323333333,3.3986431020329326,3.2826617826617825,5.666666666666667,2.0,1.1111111111111112,0.4444444444444444,C2,C2,C2,no_discretization,complex,0.0,0.0980662219218736,0.0130453320926584,0.077314545491595,0.0084992347813357,1.0929064207170005,4.527692569068709,0.3001210068017782,0.0242988352573695,0.0098418055241083,0.0208523377378051,0.0746612224080154,0.0809126857923475,0.0003399098360017,0.4057026349296485,0.5380065856050306,1.7320508075688772,1.224744871391589,1.3642254619787415,0.5270462766947299
echocardiogram,4.111111111111111,0.8512345679012345,0.960719918914456,0.8736263736263736,0.96985207719671,12.444444444444445,33.44444444444444,2.650230633563967,0.7903239049097963,0.9771965297728769,0.3596130851780569,0.1711919307708739,0.0474506612222222,0.0022727266666666,4.500241440919407,4.261294261294261,6.555555555555555,0.7777777777777778,1.1111111111111112,0.2222222222222222,C2,C2,C2,no_discretization,exact_M-of-N,2.803767306876787,0.0919724603917256,0.0150489535839859,0.0836898143501528,0.0134560755940051,1.9436506316151,8.77654703045439,0.3500810682681458,0.0186899609187704,0.0141627129445971,0.0199209054860135,0.0347021314581323,0.0142762058233914,0.0012278200561057,0.8907641724306107,1.0282035622600827,4.034572812303401,0.9718253158075502,1.9649710204252664,0.4409585518440984
echocardiogram,0.0,0.8574074074074073,0.96000744280641,0.8815628815628815,0.96985207719671,14.11111111111111,42.22222222222222,2.9862539421362952,0.7648772666651293,0.98539159526836,0.3271056808952736,0.0382895783333333,0.0634404297777777,0.0044838198888888,4.631005842870249,4.2997557997558005,4.666666666666667,1.6666666666666667,1.4444444444444444,0.4444444444444444,C2,C2,C2,no_discretization,plain,0.0,0.07775297223488,0.0099527499132173,0.0551583162870901,0.0074420222509279,1.964971020425266,7.172478263783337,0.1776926197942074,0.0123628051545846,0.0046965265675202,0.0194156696779754,0.0032969374303643,0.0052896465052629,0.0008836463526932,0.7873207165817887,0.7741849448019079,1.9364916731037085,1.3228756555322954,1.740051084818425,0.5270462766947299
ecoli,2.4444444444444446,0.7187226001511716,0.9006834614835051,0.8388789859378094,0.9584750969578196,48.888888888888886,165.33333333333334,3.391204023314797,0.7647291477130784,0.9754031518749114,0.1252111695238338,1689926366.925887,6.1506496998888895,0.0346551253333333,6.106074404349927,5.883343236284413,26.444444444444443,6.222222222222222,17.0,4.444444444444445,C2,C2,C2,no_discretization,at_least_M-of-N,1.5898986690282426,0.1674242829388338,0.0347793671684607,0.049874608390775,0.0108375534048589,4.136557881996953,11.4564392373896,0.2147963898852923,0.0147916861241614,0.0080469792617789,0.0132543451125241,46.549241106893845,1.5775320025071633,0.0088066709606477,0.6838735927891308,0.687248632160797,7.160850352980279,3.5978388574871505,4.5,3.4681086744474685
ecoli,0.0,0.7282464096749811,0.8830731590618313,0.8454149336502277,0.9437741787423776,43.55555555555556,134.88888888888889,3.1048939846834167,0.761725405246503,0.9614740574437316,0.1353441710379838,0.3400342116666667,1.1414968104444445,0.0101356861111111,5.905176831148899,5.899584076054664,45.77777777777778,8.777777777777779,37.333333333333336,6.888888888888889,C2,C2,C2,no_discretization,complex,0.0,0.1462099983949026,0.0373323330656317,0.0575179050871521,0.0096112238567479,3.126943839882286,8.477093317353013,0.2126890228800035,0.0108478680266463,0.0067007604747423,0.0131008029212684,0.0373711809423797,0.1109278452682036,0.0023214585692606,0.7799028169521113,0.7766089716912662,4.841946348777984,2.333333333333333,5.291502622129181,2.204792759220492
ecoli,8.666666666666666,0.7373544973544974,0.8855676478256111,0.8486829075064368,0.9448815742501404,46.888888888888886,139.88888888888889,2.9807700907974124,0.7575981403060948,0.9659282641599996,0.1296282482847038,8.255672613779703,3.873066917111111,0.0416650048888888,6.067180779888144,5.994949494949495,44.22222222222222,7.888888888888889,30.666666666666668,5.444444444444445,C2,C2,C2,no_discretization,exact_M-of-N,2.7386127875258306,0.1575617711694405,0.0393100193126314,0.0508075679968462,0.0124490352985689,4.106228331584973,16.351180725290487,0.1684855274675299,0.0140217829027841,0.0091551700969664,0.014736233561008,1.3844383149217108,1.5512003090979902,0.0046870723650282,0.76056070870644,0.7674248363078015,9.588766575761683,2.571208103423585,8.916277250063503,2.603416558635552
ecoli,0.0,0.7438359788359787,0.8749149639249867,0.8519508813626461,0.9367873873480064,48.22222222222222,184.88888888888889,3.83589782471084,0.7677740921968311,0.9555857939087594,0.1471525252910893,0.0675519613333333,0.3042828144444444,0.0283531099999999,7.087367677165067,7.12774806892454,47.22222222222222,9.22222222222222,36.77777777777778,7.111111111111111,C2,C2,C2,no_discretization,plain,0.0,0.1555218491186789,0.0335653462890545,0.0521741514611688,0.0062963314608047,3.6666666666666665,13.467037948677175,0.1023697896764655,0.0127716122239065,0.0049199525574311,0.0085121276817705,0.0222830824149173,0.0859540902717528,0.0066628817780573,0.5607326334242483,0.7675848705318044,6.666666666666667,2.223610677354389,4.1466184348749096,2.0275875100994063
flag,8.11111111111111,0.5722222222222223,0.9756354985039088,0.6979532163742691,0.9815252691114762,47.77777777777778,114.44444444444444,2.3936581453426267,0.579908720855054,0.9961745395979968,0.0517494469110138,1689928103.501152,0.3420624285555556,0.0151588565555555,2.472286079182631,2.4891812865497074,6.888888888888889,5.555555555555555,4.0,2.6666666666666665,C2,C2,C2,no_discretization,at_least_M-of-N,3.9193253387682825,0.1395263150541595,0.0186961086429172,0.1127960691530262,0.0121135433467084,1.9860625479688307,8.98764584180851,0.1281256454671467,0.0060922943540898,0.0034219732068202,0.0075835091396091,6.702165056594799,0.1585155562553088,0.0050139989257848,0.3694211816755273,0.3365475800279258,6.392269636921702,2.4037008503093262,4.5,1.118033988749895
flag,0.0,0.550925925925926,0.9799588989316456,0.6640350877192982,0.9853712826126618,38.11111111111112,93.77777777777776,2.4592572230569667,0.5906236599053127,0.9968055205188846,0.0546723193352381,0.7968831901111112,1.665943568777778,0.0098796017777777,2.083973727422004,2.0730994152046787,3.2222222222222223,5.222222222222222,2.2222222222222223,2.888888888888889,C2,C2,C2,no_discretization,complex,0.0,0.1595953602469247,0.0141706577754511,0.1291821171470019,0.0076102326971506,1.3642254619787415,6.339908867203413,0.1048397287796168,0.0046697090488175,0.00127016620502,0.0027294509326999,0.2714535366630856,0.4895269145207253,0.0052078380411053,0.1354220352997111,0.297137712605427,1.6414763002993509,2.279132388529557,1.092906420717,1.4529663145135578
flag,15.77777777777778,0.570679012345679,0.9665805523771982,0.685672514619883,0.9751614668856048,46.333333333333336,107.44444444444444,2.3199222661923824,0.5821432708735921,0.9972448599338304,0.0526186478678942,0.7202636135949029,0.2847538664444444,0.0203519523333333,2.431705893085203,2.4084795321637427,4.777777777777778,6.333333333333333,1.7777777777777777,3.2222222222222223,C2,C2,C2,no_discretization,exact_M-of-N,3.767551518485772,0.1247923515339451,0.0200329925740616,0.1269454639427324,0.0169671522059253,1.9364916731037085,6.63534307913146,0.1303281479077219,0.0065076927560581,0.0020331980842372,0.0062864708904563,0.1471637655997466,0.0564597633876389,0.0059937663819053,0.2406258019401859,0.2046032652541555,3.929942040850532,2.1213203435596424,1.9860625479688307,0.97182531580755
flag,0.0,0.5851851851851851,0.978053385958484,0.7084795321637427,0.9866301769750044,45.55555555555556,136.11111111111111,2.990481391596351,0.5725539380350161,0.9953200318550238,0.0424057601297604,0.0713189823333333,0.1771473304444444,0.0145902136666666,1.9262689290275492,2.011403508771929,1.3333333333333333,4.555555555555555,1.2222222222222223,2.888888888888889,C2,C2,C2,no_discretization,plain,0.0,0.1271345525199363,0.0116834976124541,0.0997727488637065,0.0070210331940224,2.6034165586355518,6.60387091871965,0.1012543351589543,0.005095439736933,0.0041750777984098,0.0031164405008547,0.0255602373518982,0.0478163372595636,0.0132277516542324,0.0901763535089812,0.3340550819609448,1.2247448713915892,1.8782379449307745,0.9718253158075502,1.2692955176439846
glass,4.222222222222222,0.5809082892416225,0.9434168621041076,0.6366041366041366,0.960729106697371,48.22222222222222,134.66666666666666,2.787143148737803,0.6105472823554899,0.9831771829998434,0.0584500769758192,1689926269.7998223,0.4152757508888888,0.0182214235555555,2.8226857848781424,3.0413660413660413,18.0,7.666666666666667,10.333333333333334,4.666666666666667,C2,C2,C2,no_discretization,at_least_M-of-N,2.0480342879074183,0.1064495119036067,0.0397173908739091,0.0689373079363605,0.0243396476445502,2.1666666666666665,19.880895352071043,0.3310693194847663,0.0120761625966672,0.0116538369800647,0.0057452629160916,7.972657097947197,0.1153098183420602,0.0040099957510575,0.3567446622034828,0.7874203661093186,15.083103128998356,2.179449471770337,15.835087622113116,2.1213203435596424
glass,0.0,0.5871252204585538,0.9724312204947092,0.6786916786916787,0.9844049846478604,31.22222222222222,60.55555555555556,1.9448583442882663,0.6631539839781495,0.9957430412088748,0.0683480924241803,1.5135482791111112,3.632342226666667,0.0054332447777777,2.126298335252351,2.235690235690236,4.333333333333333,6.666666666666667,3.888888888888889,3.6666666666666665,C2,C2,C2,no_discretization,complex,0.0,0.1530708782870518,0.0203451857386196,0.1019277784682427,0.0113544621392417,1.922093765778466,6.5404722901161945,0.2386823296534811,0.0127589423939246,0.0029705713553196,0.0079916993010204,0.3316813169586589,0.8257662224726149,0.0016415241314894,0.1950309983126653,0.4794267786921089,4.924428900898053,2.0,4.85912657903775,2.2912878474779204
glass,12.77777777777778,0.5774029982363316,0.9087517049343324,0.6582491582491583,0.9318748800614086,47.333333333333336,114.0,2.4075763206319225,0.5974512284557731,0.9662703089036978,0.0648376532731201,0.5193145540025499,0.2241931582222222,0.0173993883333333,3.070020149683362,3.257816257816258,33.888888888888886,8.88888888888889,16.666666666666668,5.555555555555555,C2,C2,C2,no_discretization,exact_M-of-N,2.9907264074877267,0.0934885202741837,0.0428634966280813,0.068391456422498,0.0309100108214255,2.179449471770337,11.575836902790224,0.2108408056415653,0.0164981496386003,0.0162039133051238,0.0091327406333668,0.3353690671664185,0.0901807830510574,0.0030425195164652,0.4538060109130422,0.7459202679346238,15.822803516163344,3.407508050043479,15.945218719101977,3.811532208676424
glass,0.0,0.6129409171075837,0.9661345090213378,0.6991341991341992,0.9746000047975436,46.888888888888886,169.66666666666666,3.61784755770263,0.6526831274480541,0.9937016462210274,0.0718033488230837,0.0682499515555555,0.2446533497777777,0.0193274538888888,3.36966872961044,3.406204906204906,7.333333333333333,5.666666666666667,3.888888888888889,3.555555555555556,C2,C2,C2,no_discretization,plain,0.0,0.1509442379940655,0.0171357176296165,0.0729536776898386,0.0125922774215604,1.3642254619787415,12.519984025548917,0.2328204224667706,0.0042834594602603,0.0029865363411766,0.0062272737591054,0.0097421687927968,0.0202803962534542,0.008287300628654,0.341124515021181,0.8132056524760621,3.24037034920393,2.345207879911715,3.0595932917809696,2.1278575558006176
hayes-roth,4.666666666666667,0.7691358024691358,0.8850241545893719,0.7478632478632479,0.8709189890645522,13.555555555555555,30.22222222222222,2.19500407000407,0.5265287400556651,0.8393993760263544,0.2084984580533647,1689926252.2953024,0.1237073882222222,0.0032130478888888,2.789528240674801,2.785714285714286,60.11111111111112,7.222222222222222,38.55555555555556,4.0,C2,C2,C2,no_discretization,at_least_M-of-N,2.1213203435596424,0.1283535070456552,0.018359606624071,0.1149404206500585,0.0150389634084884,1.509230856356236,9.921917377424812,0.5771483455724477,0.0731487172320708,0.0670513638585662,0.0399918103213001,1.2946460623296965,0.0587379200997349,0.0014507529895016,0.3629344898098421,0.2652770924082046,28.113361789567453,3.5629263877386586,23.712397132676774,2.6457513110645907
hayes-roth,0.0,0.8074074074074074,0.8974950796206834,0.7826617826617827,0.8812214151197202,17.555555555555557,54.333333333333336,3.098039215686274,0.5969556866432574,0.925194527845408,0.156805730693973,0.0547218732222222,0.1054255993333333,0.007124751111111,2.7423997847726667,2.733821733821734,28.77777777777778,4.333333333333333,12.22222222222222,2.6666666666666665,C2,C2,C2,no_discretization,complex,0.0,0.0970236066476276,0.0121073461630441,0.1008324513443282,0.0140301739766471,0.881917103688197,2.23606797749979,0.1183881659752252,0.0074056265720918,0.0117166002552872,0.0153234614588727,0.0206725382445746,0.0356690572239122,0.0034536781743429,0.1682640306593814,0.2142172176928113,1.986062547968831,2.4494897427831783,3.492054473292827,2.6457513110645907
hayes-roth,6.555555555555555,0.7382716049382716,0.7935050993022007,0.7387057387057387,0.7960800139264745,10.666666666666666,14.555555555555555,1.380808080808081,0.4852917225341413,0.7821512707076269,0.2918079215935646,0.1421088377634684,0.0657255516666666,0.0039873039999999,3.092262893858108,3.017094017094017,62.888888888888886,7.222222222222222,41.55555555555556,4.222222222222222,C2,C2,C2,no_discretization,exact_M-of-N,2.006932429798716,0.1114039351310743,0.0400078760812768,0.09682306796467,0.0239625559176112,1.4142135623730951,3.2058973436118907,0.3317489896033546,0.0330664455768281,0.0259147909412416,0.0292989324720848,0.1137358951595151,0.0121039605057901,0.0035882154876396,0.379434479349772,0.5422289462382139,7.896905160321423,2.3863035105460586,9.328867979437687,1.481365736219265
hayes-roth,0.0,0.7037037037037037,0.9224548219717305,0.7173382173382172,0.9102058902657107,21.11111111111111,44.333333333333336,2.100636692741956,0.4296669798943889,0.8118252577179514,0.1397019879866453,0.038054402,0.0594496013333332,0.0147065971111111,2.9455997088100774,2.9316239316239314,93.44444444444444,10.11111111111111,59.22222222222222,5.555555555555555,C2,C2,C2,no_discretization,plain,0.0,0.1717736092637811,0.0094563875841005,0.1458662147162046,0.0110309855048641,1.1666666666666667,3.1224989991992005,0.1026225521164063,0.0199825708321395,0.0227627842328043,0.0123919382449755,0.008213240508972,0.018815562460948,0.0038167238841591,0.2705561219257562,0.4450474079465498,11.695203195232557,1.9002923751652296,9.364531191920095,2.068278940998476
heart-c,4.0,0.8113104216045391,0.9614075469710888,0.8166069295101553,0.9625065838301132,62.333333333333336,174.0,2.788278718629742,0.5917736639549687,0.9933140179525198,0.1037405664431784,1690196132.8919878,2.057269155555556,0.0147626839999999,6.475286695874932,6.336678614097968,16.555555555555557,8.777777777777779,8.333333333333334,4.444444444444445,C2,C2,C2,no_discretization,at_least_M-of-N,2.0615528128088303,0.0554834454341229,0.0064713267737738,0.0582511712916395,0.0060476295424371,2.29128784747792,15.1657508881031,0.163350959196792,0.007973109731706,0.001880193673012,0.0095292655993454,31.84700113714372,0.8266770750162095,0.0025649365854596,0.7525881032216555,1.2558331287089086,4.876246279442598,2.10818510677892,3.1622776601683795,2.351122663277647
heart-c,0.0,0.8189551461610285,0.9504147212811426,0.8240143369175627,0.9511075797840502,37.44444444444444,123.55555555555556,3.2900422024462395,0.6327525848001979,0.986596137381298,0.1557516909251513,2.080144403888889,3.346315700000001,0.0129986044444444,5.810762766645119,5.839904420549583,21.33333333333333,9.555555555555555,11.77777777777778,4.777777777777778,C2,C2,C2,no_discretization,complex,0.0,0.0575034493414806,0.0095612638578597,0.059938400567942,0.0089345008763075,3.5039660069381067,16.815997674172586,0.2070901138069411,0.0085278831886129,0.0033096557686569,0.0113780835255553,0.2833382671197202,0.3297796928688198,0.0102063803323587,0.4392462001170038,0.7368642811233047,5.454356057317857,3.045944480416177,3.4560735588879536,1.986062547968831
heart-c,12.88888888888889,0.8136155103066868,0.9494338035805884,0.8167264038231781,0.9502726304196892,61.0,151.55555555555554,2.478497638437552,0.589188507523667,0.9905168969558892,0.1056540853819136,4.425296942392985,0.9974651221111112,0.0130065269999999,6.456877409083291,6.280167264038232,24.77777777777778,9.22222222222222,14.333333333333334,4.222222222222222,C2,C2,C2,no_discretization,exact_M-of-N,3.218867985971327,0.0579333404380943,0.0131556774826744,0.0625994667201162,0.0123741022416936,2.449489742783178,17.763101581024014,0.1956748164503818,0.0084690255380397,0.0017933564690464,0.0090584960281698,1.645833091113841,0.2473389918832963,0.0021482148951752,0.7335218272417231,0.9997840718301756,6.666666666666667,3.419714088113865,4.898979485566356,2.223610677354389
heart-c,0.0,0.8177453673777203,0.9285317395767708,0.8241338112305854,0.9319576121046708,56.0,229.55555555555557,4.095280169458058,0.6298356499744037,0.98058931148834,0.1667492803572237,0.0992043233333333,0.1529317342222222,0.0116770078888888,9.3178314060667,9.326403823178016,37.66666666666666,8.11111111111111,12.666666666666666,3.0,C2,C2,C2,no_discretization,plain,0.0,0.0485538498970203,0.0098136555052164,0.0489545906492206,0.0092905317642512,6.0,27.23559762108733,0.1535511751043586,0.0066115802217889,0.0036576872530256,0.0109896408396733,0.019733341191285,0.0356314296757946,0.0021746917233082,0.962649954526592,2.089218473001638,7.262919523166975,2.3687784005919825,5.361902647381805,2.1213203435596424
heart-statlog,1.4444444444444444,0.7722222222222221,0.9727366255144032,0.7818930041152262,0.973479652491998,59.77777777777778,158.66666666666666,2.6523170899449937,0.5898810372912043,0.9948929671671456,0.0992709541610234,1689926351.4300854,1.7429846943333334,0.0123885445555555,5.925468678555098,5.934156378600823,10.22222222222222,8.88888888888889,4.888888888888889,4.222222222222222,C2,C2,C2,no_discretization,at_least_M-of-N,1.6666666666666667,0.0712000312109794,0.0037357155669475,0.0679012345679012,0.003629288492544,3.562926387738658,14.671400751121212,0.1535774607426616,0.0045827239837589,0.0018864953143664,0.0058723503098566,23.934967779040303,0.7279077525747076,0.0025858129558761,0.3599320347495659,0.7106812400976071,4.465920335658088,1.964971020425266,1.7638342073763935,1.6414763002993509
heart-statlog,0.0,0.7953703703703704,0.9560699588477366,0.8024691358024691,0.9574759945130314,35.22222222222222,111.88888888888889,3.17635331443381,0.63427201724069,0.988941300466124,0.1547075288109063,1.688994294111111,2.677264279,0.0084349249999999,5.441700960219478,5.584362139917696,16.555555555555557,8.88888888888889,7.222222222222222,3.6666666666666665,C2,C2,C2,no_discretization,complex,0.0,0.0601085694677289,0.0153764428482483,0.0585606974105255,0.0144032921810699,1.7873008824606014,8.31330927555995,0.1698324724491048,0.0105853693288866,0.0035507872547999,0.0131112996007625,0.4154374447646933,0.4363803831009217,0.0026534640398271,0.431995872523048,1.0353454751966669,5.614960175974339,2.571208103423585,3.2317865716108862,1.8027756377319948
heart-statlog,11.555555555555555,0.7861111111111112,0.9486625514403292,0.794238683127572,0.9510745313214448,58.55555555555556,136.11111111111111,2.3200932462606394,0.5855139134298903,0.9912212374616252,0.1023194725520423,3.7883071104685455,0.924459236888889,0.0167781698888888,5.98079561042524,5.9794238683127565,18.0,9.444444444444445,9.444444444444445,4.666666666666667,C2,C2,C2,no_discretization,exact_M-of-N,3.2446537223219645,0.0734799670356183,0.0100912239038714,0.0719870604301889,0.0101731117792807,3.9721250959376615,16.312912404322876,0.1737330562527584,0.0062364711638281,0.0026812261121353,0.0079424108315655,2.000703053039801,0.6937983874996463,0.0159697599227542,0.4777607636191732,0.8914144505241441,6.98212002188447,2.455153310442706,6.463573143221772,1.8708286933869709
heart-statlog,0.0,0.8203703703703703,0.9352880658436216,0.8271604938271605,0.9396433470507544,55.55555555555556,227.11111111111111,4.093612218932663,0.636836533888362,0.9857617727890422,0.1660675710932571,0.0895038388888888,0.1373429545555555,0.0101026906666666,9.18198445358939,8.971193415637861,24.0,7.555555555555555,14.666666666666666,4.333333333333333,C2,C2,C2,no_discretization,plain,0.0,0.0883992591164976,0.0083261857779112,0.0868595511078413,0.0074188297849053,4.901813723284247,20.34972017279626,0.2356620253264248,0.0125507996684245,0.0024541248319489,0.0170945837543418,0.0115731191518739,0.0184760643560267,0.0009679934285901,0.7515438162532873,1.265206243018249,3.8078865529319534,2.242270674512285,3.5,1.6583123951777
hepatitis,8.333333333333334,0.6641737891737891,0.9463593015317154,0.8162037037037035,0.9761105401393172,20.77777777777778,49.11111111111112,2.3713111507229154,0.6901783504800134,0.9913151280437648,0.2673562237812115,1689926289.887123,0.0578426948888888,0.0039775647777777,5.514240036542194,5.664351851851851,6.222222222222222,3.4444444444444446,0.4444444444444444,1.0,C2,C2,C2,no_discretization,at_least_M-of-N,2.39791576165636,0.2217092719721002,0.0254183324237769,0.1411209532875615,0.0118894097061374,2.048034287907418,5.182770601822071,0.2146606504121215,0.0213042726215141,0.0095930493997025,0.0343516239192177,2.686229801328204,0.0160510545899664,0.0017489411082406,0.5538202830789244,0.7233971479360252,8.135996831639284,2.4037008503093262,0.7264831572567789,1.118033988749895
hepatitis,0.0,0.6264245014245015,0.9473603025327164,0.8226851851851851,0.9776921320086788,19.11111111111111,40.66666666666666,2.128937812941941,0.6729528611482569,0.9847566159154084,0.2517931710948504,0.2012487542222222,0.3119079127777777,0.0034968982222221,4.800650907845153,4.991666666666667,5.444444444444445,3.2222222222222223,0.8888888888888888,0.6666666666666666,C2,C2,C2,no_discretization,complex,0.0,0.168193749180807,0.0208374925747607,0.081466354866955,0.0083466448876645,1.4529663145135578,3.5,0.1117519667600767,0.0177352751894453,0.0072206839401792,0.0270310755116706,0.0312509699155162,0.0312994430507909,0.0010740182421974,0.5392669085315754,1.1813859416192305,1.3333333333333333,1.481365736219265,0.7817359599705717,1.118033988749895
hepatitis,7.0,0.6602564102564102,0.9737895867206212,0.8097222222222222,0.9856514788169464,23.22222222222222,51.44444444444444,2.21657757701236,0.6861050390001345,0.9913655238393309,0.2526875328647301,0.2919399208492703,0.044525628111111,0.0035273933333333,5.8525865022267896,5.821296296296297,4.222222222222222,2.4444444444444446,0.5555555555555556,0.5555555555555556,C2,C2,C2,no_discretization,exact_M-of-N,2.0,0.161660515550237,0.0167622928282664,0.1116091269664906,0.0071880377064914,1.563471919941143,5.2228132053308,0.1786487203631601,0.0179158573000082,0.0051996658372277,0.0287432454019596,0.0728062312144159,0.0103933387172048,0.0010751637621239,0.6326064353472208,0.9090150453229348,3.032234233110042,1.509230856356236,0.8819171036881968,0.8819171036881969
hepatitis,0.0,0.6780626780626781,0.960315756867481,0.8291666666666666,0.9800730843896313,25.22222222222222,72.55555555555556,2.873241532130421,0.6637981447969141,0.9834743035817796,0.2382976848476447,0.0470094001111111,0.073442851111111,0.0053515575555555,6.012538540596094,6.134722222222223,8.444444444444445,3.2222222222222223,3.0,0.6666666666666666,C2,C2,C2,no_discretization,plain,0.0,0.1277245712195328,0.0200547083334931,0.09356463155369,0.0093541687954503,0.97182531580755,7.81202776350531,0.2501482339804111,0.0105743540875787,0.004511740418067,0.0163985640831097,0.0060223411746657,0.008511743913613,0.0022342978062217,0.5013391704832472,1.2546804733786918,1.810463415200036,1.7159383568311666,2.549509756796392,0.8660254037844387
iris,2.2222222222222223,0.9555555555555556,0.9810699588477368,0.9555555555555556,0.9810699588477364,6.222222222222222,9.77777777777778,1.5634920634920637,0.9385047486454616,0.9773915916908248,0.3222888496962571,1689926281.7011805,0.0670405599999999,0.0018974764444444,2.004115226337449,1.9925925925925927,5.222222222222222,0.7777777777777778,5.222222222222222,0.7777777777777778,C2,C2,C2,no_discretization,at_least_M-of-N,1.0929064207170005,0.0471404520791031,0.0065327192865791,0.0471404520791031,0.0065327192865792,0.8333333333333334,1.9220937657784665,0.1508855192167129,0.0130245277421516,0.0075615926260241,0.0047634540704017,0.9047182845239614,0.0172717446063431,0.0010117909939142,0.2611337292833413,0.3581502546952487,3.032234233110042,1.301708279317776,3.032234233110042,1.301708279317776
iris,0.0,0.9629629629629628,0.9786008230452676,0.9629629629629628,0.9786008230452674,7.222222222222222,12.444444444444445,1.7213403880070546,0.9278296086929132,0.9792579977845964,0.3123652753282382,0.0592304202222222,0.112191219111111,0.0027477206666666,2.2559670781893004,2.2814814814814817,6.222222222222222,0.7777777777777778,6.222222222222222,0.7777777777777778,C2,C2,C2,no_discretization,complex,0.0,0.0351364184463153,0.00780809298807,0.0351364184463153,0.00780809298807,0.9718253158075502,2.068278940998476,0.1438016858806804,0.0159274681163092,0.0104897484896946,0.0062100130647506,0.0121837109532507,0.0271329217332987,0.0008692672127993,0.3099871918923854,0.3855411460643883,5.068968775248517,1.0929064207170005,5.068968775248517,1.0929064207170005
iris,2.555555555555556,0.9629629629629628,0.980246913580247,0.9629629629629628,0.980246913580247,5.555555555555555,7.444444444444445,1.3148148148148149,0.9128683549774554,0.960519559232512,0.3311718596903781,0.0779999097188313,0.064330073111111,0.0011955935555555,1.817283950617284,1.7925925925925923,9.88888888888889,1.4444444444444444,9.88888888888889,1.4444444444444444,C2,C2,C2,no_discretization,exact_M-of-N,0.8819171036881968,0.0351364184463153,0.0074074074074073,0.0351364184463153,0.0074074074074073,1.0137937550497031,2.242270674512285,0.1800485643173074,0.0542148947938084,0.0413570125824471,0.0334600568774677,0.0275267115261198,0.0134064540703908,0.0005715733688053,0.2245556502403572,0.2271672033362319,14.751647742239207,2.006932429798716,14.751647742239207,2.006932429798716
iris,0.0,0.925925925925926,0.9761316872427984,0.925925925925926,0.9761316872427984,8.88888888888889,18.11111111111111,2.020911495911496,0.8384039267044383,0.9769917510580126,0.256010101010101,0.0246845479999999,0.0324660307777777,0.0062748903333333,2.268312757201646,2.296296296296296,8.444444444444445,1.2222222222222223,8.444444444444445,1.1111111111111112,C2,C2,C2,no_discretization,plain,0.0,0.0846197011762656,0.0061728395061728,0.0846197011762656,0.0061728395061727,1.1666666666666667,3.822448313726572,0.1946811841399235,0.024662727864878,0.0091349849552951,0.01235701845211,0.0076458721887739,0.0121962948414521,0.0012435819743463,0.2509454762857507,0.2888888888888888,5.0771820705759385,1.3944333775567928,5.0771820705759385,1.1666666666666663
lymphography,10.22222222222222,0.8413800705467372,0.9827684826448144,0.8433862433862434,0.9674497188244242,23.444444444444443,64.55555555555556,2.7448341915733216,0.7113574693563566,0.9819441799996592,0.1846499952436557,1689926255.4668312,0.1178406144444444,0.004894545111111,4.349648998117184,4.325396825396826,16.444444444444443,3.888888888888889,5.222222222222222,2.6666666666666665,C2,C2,C2,no_discretization,at_least_M-of-N,4.055175020198813,0.1106945098430461,0.0054283738698063,0.0573628920621988,0.0112629867220207,1.8782379449307745,7.9547330425211475,0.1359564016725603,0.0122045943531689,0.009409873452882,0.0157003432416251,2.4708957638264017,0.0351428891359815,0.0021963788572592,0.661669920436815,1.0560912830744988,10.887046329366738,1.4529663145135578,4.465920335658088,1.118033988749895
lymphography,0.0,0.8043430335097003,0.9851692021688216,0.8359788359788359,0.9716143592812878,23.77777777777778,65.55555555555556,2.753256928256928,0.7078526646783062,0.987516016700794,0.1696274960396002,0.1180764996666666,0.2520724438888889,0.008219862111111,4.038766069402361,3.993121693121693,9.555555555555555,2.7777777777777777,2.6666666666666665,1.8888888888888888,C2,C2,C2,no_discretization,complex,0.0,0.1495860837032299,0.0081466881037518,0.06713741581764,0.015406845000094,1.2018504251546631,5.960518247415889,0.1406554660905736,0.0092066585362736,0.0039406532415226,0.0117608015009956,0.0502419633275686,0.1069996196367581,0.0036304554885289,0.4112152314889766,0.7919919171146926,3.320809807528545,1.563471919941143,1.8708286933869709,1.1666666666666667
lymphography,7.777777777777778,0.7611331569664903,0.983391564042249,0.8216931216931217,0.969126797092233,24.11111111111111,65.11111111111111,2.694792872184176,0.7253350149399793,0.9901050551739468,0.1850752619219779,0.3277438746558295,0.1050748756666666,0.0054553973333333,4.471402386563424,4.295238095238094,8.0,2.4444444444444446,3.4444444444444446,1.2222222222222223,C2,C2,C2,no_discretization,exact_M-of-N,1.986062547968831,0.2085633755549015,0.0083081592951075,0.1242006439178536,0.0152061783193565,1.6158932858054431,6.972166887783963,0.1339383525680179,0.0078554234073423,0.0029357699323326,0.0091858463432149,0.0515031669192088,0.0336493977261395,0.0022918611556423,0.4757125679122256,0.8164271479941485,2.692582403567252,1.6666666666666667,1.810463415200036,1.0929064207170005
lymphography,0.0,0.7981701940035273,0.9755093745675938,0.7915343915343915,0.9515829374431104,25.666666666666668,68.77777777777777,2.67586781531226,0.6732732552407807,0.9675243199839336,0.1756169976765619,0.0473101392222222,0.1049533529999999,0.0066056175555555,4.503709522562626,4.5285714285714285,26.444444444444443,4.333333333333333,14.333333333333334,3.0,C2,C2,C2,no_discretization,plain,0.0,0.1005747772866769,0.0054882579861348,0.0690795401491712,0.0100397076677388,1.4142135623730951,6.139580152131287,0.1150198381593265,0.0100352420148123,0.0065319768140202,0.0125696312130051,0.0047701017844829,0.0112705461983766,0.0009573253723629,0.3623000026709468,0.8363076173508182,9.302030841583884,1.5811388300841898,8.958236433584458,1.5811388300841898
monk-1,0.0,1.0,1.0,1.0,1.0,3.0,4.0,1.3333333333333333,0.8548387096774194,1.0,0.3548387096774193,1689927984.0070856,0.008640598,0.0012640099999999,1.064516129032258,1.07,0.0,0.0,0.0,0.0,C2,C2,C2,no_discretization,at_least_M-of-N,,,,,,,,,,,,,,,,,,,,
monk-1,0.0,1.0,1.0,1.0,1.0,3.0,4.0,1.3333333333333333,0.8548387096774194,1.0,0.3548387096774193,0.044044416,0.040065206,0.003967067,1.064516129032258,1.07,0.0,0.0,0.0,0.0,C2,C2,C2,no_discretization,complex,,,,,,,,,,,,,,,,,,,,
monk-1,0.0,1.0,1.0,1.0,1.0,3.0,4.0,1.3333333333333333,0.8548387096774194,1.0,0.3548387096774193,0.0149676799774169,0.0057954949999999,0.001751603,1.064516129032258,1.07,0.0,0.0,0.0,0.0,C2,C2,C2,no_discretization,exact_M-of-N,,,,,,,,,,,,,,,,,,,,
monk-1,0.0,0.9667874396135264,0.9919354838709676,0.965,0.9919354838709676,23.0,63.00000000000001,2.739130434782609,0.528263374073332,0.971273291925466,0.0648667601683029,0.051977597,0.056931986,0.0185678479999999,1.4919354838709675,1.625,9.0,34.0,1.0,9.0,C2,C2,C2,no_discretization,plain,,,,,,,,,,,,,,,,,,,,
monk-2,32.0,0.7226190476190476,0.7155505952380952,0.745,0.7337278106508875,38.0,106.0,2.789473684210526,0.3576053899150561,0.7974502878445152,0.203674867642479,1689927986.3492513,0.1150194359999999,0.006975798,7.739644970414201,7.765,111.0,140.0,41.0,48.0,C2,C2,C2,no_discretization,at_least_M-of-N,,,,,,,,,,,,,,,,,,,,
monk-2,0.0,0.8511904761904763,0.9354166666666668,0.885,0.9349112426035504,49.0,216.0,4.408163265306122,0.5107914565163799,0.9578655713432024,0.0685907499094312,0.192118766,0.301621382,0.0496854969999999,3.36094674556213,3.46,39.0,63.0,18.0,20.0,C2,C2,C2,no_discretization,complex,,,,,,,,,,,,,,,,,,,,
monk-2,31.0,0.7297619047619047,0.7719494047619048,0.755,0.7810650887573964,39.0,103.0,2.641025641025641,0.3844235610164384,0.8118464023978783,0.1828250644818692,0.2743196487426758,0.1288260889999999,0.013454153,7.1301775147929,6.16,114.0,137.0,45.0,50.0,C2,C2,C2,no_discretization,exact_M-of-N,,,,,,,,,,,,,,,,,,,,
monk-2,0.0,0.7095238095238094,0.9211309523809524,0.74,0.9171597633136096,53.0,178.0,3.358490566037736,0.4405989973828192,0.9078888375813204,0.0624092888243831,0.046732195,0.062595036,0.021546301,3.3076923076923075,4.285,91.0,129.0,51.0,56.0,C2,C2,C2,no_discretization,plain,,,,,,,,,,,,,,,,,,,,
monk-3,3.0,0.9824561403508772,0.9513440860215052,0.9814814814814816,0.9508196721311476,8.0,16.0,2.0,0.6072417579886403,0.8951360887096774,0.2930327868852458,1689927985.2030869,0.062917617,0.002445765,2.344262295081968,2.300925925925926,21.0,80.0,4.0,32.0,C2,C2,C2,no_discretization,at_least_M-of-N,,,,,,,,,,,,,,,,,,,,
monk-3,0.0,0.9824561403508772,0.9513440860215052,0.9814814814814816,0.9508196721311476,7.0,18.0,2.571428571428572,0.6254059511421634,0.9506912442396314,0.2084309133489461,0.079279948,0.122496835,0.0033535179999999,1.459016393442623,1.4490740740740742,7.0,36.0,0.0,8.0,C2,C2,C2,no_discretization,complex,,,,,,,,,,,,,,,,,,,,
monk-3,3.0,0.986842105263158,0.9513440860215052,0.9861111111111112,0.9508196721311476,8.0,17.0,2.125,0.5949162409737332,0.8914087107635495,0.2920081967213114,0.3018465042114258,0.104418833,0.000802605,2.336065573770492,2.324074074074074,23.0,98.0,10.0,48.0,C2,C2,C2,no_discretization,exact_M-of-N,,,,,,,,,,,,,,,,,,,,
monk-3,0.0,0.912796697626419,0.9349462365591398,0.9120370370370372,0.9344262295081968,17.0,40.0,2.3529411764705883,0.497371205983549,0.916152096105352,0.1190935390549662,0.0370532,0.0436055849999999,0.008177759,2.0245901639344264,1.9236111111111112,24.0,110.0,13.0,59.0,C2,C2,C2,no_discretization,plain,,,,,,,,,,,,,,,,,,,,
mushroom,7.444444444444445,0.968597419058734,0.9681202123568144,0.9689564958046952,0.968497273192216,10.11111111111111,29.77777777777778,2.961375661375661,0.8317802938533618,0.9837161009714972,0.3676200202200093,1689926486.159126,1.1667340044444443,0.115549784,3.7310887518060687,3.7132947027335614,368.0,39.11111111111112,193.66666666666663,20.33333333333333,C2,C2,C2,no_discretization,at_least_M-of-N,2.5055493963954847,0.0076537641134255,0.008282242447296,0.0078684710541705,0.0084818588745295,1.5365907428821477,5.562773089426211,0.4770534508427198,0.0229140804368828,0.0054218721670607,0.0214507610092465,17.67335501150555,0.5544099247285645,0.0496692615410293,0.7478680811219399,0.7036901003433381,128.2575533838066,13.797141410854318,100.2671431726266,9.669539802906858
mushroom,0.0,0.9807697020538856,0.9810573460256946,0.980851832327847,0.9811561587851444,12.444444444444445,37.0,2.9679487179487176,0.7674180558114804,0.9979127672161822,0.2680016186172052,0.5786690682222223,0.6741892073333333,0.0464031854444444,3.337161391284371,3.327066127804135,72.22222222222223,8.222222222222221,17.22222222222222,2.0,C2,C2,C2,no_discretization,complex,0.0,0.0052751786295806,0.0009370306317942,0.0052335793217622,0.000969070735057,0.7264831572567788,4.898979485566356,0.3047738191968761,0.0076444102211641,0.0003264725251451,0.0080500042439815,0.1204676873552877,0.1183796484986619,0.0053806337763257,0.2552175357092776,0.2259438448918857,5.995368582868315,2.7284509239574835,18.552478121384336,3.1622776601683795
mushroom,6.777777777777778,0.9891465769067792,0.988905269233084,0.989468482533758,0.9892102732933462,14.0,34.44444444444444,2.4605209605209604,0.7649055448706364,0.9992644935508426,0.2627022729523622,1.053549713558621,0.3888567073333333,0.0376258343333333,3.671152661295957,3.663649198068336,12.88888888888889,2.333333333333333,1.7777777777777777,0.3333333333333333,C2,C2,C2,no_discretization,exact_M-of-N,1.855921454276674,0.0040872600352902,0.003926259874239,0.0040421922602006,0.0040661544174588,0.5,3.244653722321964,0.2142017757533317,0.0162136065499358,0.0014230880792736,0.0193181704783933,0.1622484531480214,0.0899691471616897,0.0088660290089704,0.1725290615954046,0.1376434912570569,32.35909626536426,5.196152422706632,1.481365736219265,0.7071067811865476
mushroom,0.0,0.9674624994753314,0.9669170775404982,0.9670391038885756,0.966460988396364,13.444444444444445,22.88888888888889,1.7007437007437007,0.6851965027519094,0.9743311448699116,0.2287620592607858,1.1924258006666666,1.1546384557777776,0.1775715978888888,3.0748004528112816,3.0763154634830423,302.6666666666667,33.333333333333336,106.11111111111111,12.11111111111111,C2,C2,C2,no_discretization,plain,0.0,0.0062279117192715,0.0006922889588004,0.0062165150792886,0.0006908315063668,1.0137937550497031,2.0275875100994063,0.025950534558267,0.00807429364265,0.0014714560722591,0.009366379527797,0.0631493395035336,0.0679888780223912,0.0085384811388198,0.2588603621322499,0.2651964698888022,5.894913061275798,5.894913061275799,37.65449655899161,6.470016314593891
nursery,141.88888888888889,0.6741191082046912,0.5703993928087469,0.8960905349794239,0.8987768632830362,221.22222222222223,1130.6666666666667,5.10616339294241,0.4651949943563578,0.8618591543595767,0.0382353052422086,1689929809.5967152,85.66585735133334,3.780497916444444,8.412056089010822,8.404492455418383,3855.8888888888887,423.44444444444446,3757.444444444444,410.77777777777777,C2,C2,C2,no_discretization,at_least_M-of-N,34.61735274556839,0.0599073838028878,0.0140658542792604,0.017510502651096,0.0203592248032428,26.626010674609976,155.10238553935912,0.2436018399998906,0.0145651994037952,0.0330394358550511,0.0063971805429321,817.2098285626272,11.327932971181614,0.7294070974652858,1.3997973685408966,1.4498582949331784,866.374982967024,88.3036113518455,1041.844411501918,111.0504139769161
nursery,0.0,0.6586074088081882,0.5573334026064904,0.8839163237311385,0.8873552049992379,174.88888888888889,922.5555555555557,5.27459504684392,0.509944073853223,0.9428575747950606,0.038128367335465,69.55455044233334,76.78079922000002,3.132985901777777,6.660379515317787,6.654578189300411,3128.6666666666665,350.3333333333333,2979.0,334.0,C2,C2,C2,no_discretization,complex,0.0,0.0684656592133237,0.0109799078893506,0.0120102428560808,0.0091355319363996,7.372998786864888,42.99741594302822,0.066207687825265,0.0015776963922156,0.0036957147253461,0.0021017700335699,2.5183439771647413,2.951841585241158,0.1750773372570307,0.3084264579622734,0.4124163432487944,93.32336256265094,13.683932183404009,493.1526132953165,51.35416244083823
nursery,112.88888888888889,0.6821169111073001,0.5754792024557527,0.9093792866941014,0.9140946502057612,215.22222222222223,1151.111111111111,5.3439131625884,0.5004352197773598,0.9396469740998996,0.0336676801883801,81.4284438027276,91.39563577166668,3.3008144568888884,7.19680688919372,7.186642661179699,2664.0,297.55555555555554,2587.222222222222,288.22222222222223,C2,C2,C2,no_discretization,exact_M-of-N,23.97626140813265,0.0696278263337709,0.0151655866061124,0.008444678579929,0.0073848182054965,14.881009523699811,102.64434281104396,0.2005703308124567,0.0063575455545612,0.0161600913653102,0.0066795491726292,7.736535266010544,6.384799034461383,0.571467149671207,1.2064744227745394,1.2358328928875064,278.21709149511287,33.29831493901422,400.4296997532082,47.77493531596296
nursery,0.0,0.7298881387914871,0.6495451719847608,0.933641975308642,0.9393194634964184,374.1111111111111,1925.111111111111,5.14592785711912,0.4933499793630449,0.971116586197288,0.0062088281253258,68.35780724866667,115.6400296802222,2.2357319512222222,2.322530864197531,2.302126200274349,2050.333333333333,233.88888888888889,1982.2222222222224,225.66666666666663,C2,C2,C2,no_discretization,plain,0.0,0.0796826670713876,0.0630037970521112,0.0122245212328354,0.0077687124327778,7.406828681096324,37.16666666666667,0.0256137546813733,0.0024848342153892,0.003969485668592,0.0002106319530577,3.529850919051793,4.193628080001434,0.0932362034200449,0.0842489719611713,0.1265038655002396,91.8163928718614,20.484411417248754,256.3229300012865,32.31872522238462
sonar,3.888888888888889,0.6424242424242423,0.973588761174968,0.6433862433862433,0.9732683531181654,32.77777777777778,58.55555555555556,1.7993380423039922,0.5689075052122022,0.9937895886114808,0.0821478895835113,1689928090.1331663,0.0512413256666666,0.0059534298888888,2.6370336658196485,2.523015873015873,14.555555555555555,8.555555555555555,11.11111111111111,5.222222222222222,C2,C2,C2,no_discretization,at_least_M-of-N,3.982601048449507,0.097633264627379,0.0426907456183876,0.0993300815692826,0.0444230206877992,4.265494630689909,12.115187896924166,0.349021532987634,0.0126981108058805,0.0056472158874729,0.0174457308884265,33.5032500631691,0.00921892447545,0.0029580392483349,0.2890923944195461,0.3688248175377384,11.737877907772672,2.697735676039774,10.313152336269988,2.1666666666666665
sonar,0.0,0.6526374859708193,0.9980915476605132,0.6537037037037037,0.9982174688057042,13.666666666666666,17.22222222222222,1.2592814592814594,0.6436860470598715,1.0,0.1434108930980019,11.52004686777778,22.020681119444447,0.002143254,1.9513975803087196,2.062433862433862,0.0,7.444444444444445,0.0,3.555555555555556,C2,C2,C2,no_discretization,complex,0.0,0.1143071609269997,0.0028627405886473,0.1158322389655585,0.0026737967914438,1.224744871391589,2.7284509239574835,0.1526774758696169,0.0159569237851991,0.0,0.0155768728598026,2.2161928840839678,4.165979436043528,0.0003519809140102,0.2046218682018007,0.4623491017206911,0.0,3.320809807528545,0.0,2.96273147243853
sonar,2.555555555555556,0.6301627384960717,0.9836748713185496,0.6325396825396825,0.9833630421865718,33.333333333333336,63.11111111111112,1.8952143408140267,0.5729050459442111,0.995977436774385,0.0814620156533963,0.1024061044057209,0.0553729789999999,0.0041281477777777,2.68349009494191,2.590740740740741,9.77777777777778,8.222222222222221,7.111111111111111,4.666666666666667,C2,C2,C2,no_discretization,exact_M-of-N,3.5039660069381062,0.0999506554161689,0.022072868299742,0.1029331729581775,0.0233776774484919,3.5,12.47441826744282,0.3236285284320035,0.0111691908957722,0.0047099655036054,0.0147857589570728,0.0577220709692379,0.0114605630568162,0.0008992866200942,0.3529400754589004,0.4952272841717814,10.92906420717,2.10818510677892,9.571369343574151,2.39791576165636
sonar,0.0,0.7247194163860831,0.9980842911877394,0.7283068783068783,0.9982174688057042,43.77777777777778,87.88888888888889,2.012734468561061,0.6113110601911792,1.0,0.1103154157264719,0.2501411535555555,0.4234496135555555,0.0069848105555555,4.806664896777537,4.578571428571428,0.0,8.555555555555555,0.0,4.444444444444445,C2,C2,C2,no_discretization,plain,0.0,0.0708517239270492,0.0028735632183907,0.0695022435204172,0.0026737967914438,2.862594006219612,7.49073501808141,0.1867386516843077,0.016565456859268,0.0,0.0164557555450857,0.0452928127448049,0.0756673755687721,0.0023373752558679,0.6229378768338323,0.9062362673914574,0.0,2.6977356760397746,0.0,2.068278940998476
soybean,8.0,0.9003248862897986,0.9771864672029302,0.913967036089798,0.9642093988800908,60.0,217.0,3.616425432180783,0.7470209077189793,0.9664916321346844,0.0472057767747824,1689928221.1635897,5.390901088000001,0.1625675314444444,2.8326159559098305,2.829331249407976,72.66666666666667,11.555555555555555,72.66666666666667,11.444444444444445,C2,C2,C2,no_discretization,at_least_M-of-N,1.118033988749895,0.0804600082655622,0.0050821461318593,0.0407565162132632,0.0067483065426701,2.1213203435596424,10.452272480183437,0.1102247320939045,0.0066702379022844,0.0064241159310642,0.0021575867756065,24.48065767431669,1.3148852180539174,0.042440308489517,0.1658039039551387,0.2727554998029685,24.8746859276655,3.0867098629086893,24.8746859276655,3.1666666666666665
soybean,0.0,0.9157822539888816,0.9708888055331882,0.8927725679643839,0.955531132944337,58.77777777777778,209.55555555555557,3.562915996510222,0.7056387285379383,0.9047613059470968,0.0573755392609549,1.1925455274444443,2.9338635973333336,0.2270301972222221,3.371824251358692,3.376906318082789,231.44444444444449,28.22222222222222,231.44444444444449,28.22222222222222,C2,C2,C2,no_discretization,complex,0.0,0.0272120076928735,0.0030994506758012,0.0356475631588133,0.0059835153773155,2.223610677354389,14.612589701273958,0.1644508828473838,0.0094408814330924,0.0118328727134064,0.0031768208597666,0.3615921000564753,0.7048906523087703,0.0754537192244855,0.2163116887276757,0.2431988651542714,28.34215548926683,4.116363011742823,28.34215548926683,4.116363011742823
soybean,19.88888888888889,0.9146487618222512,0.9795708759501028,0.902529127593066,0.9636641567284294,60.44444444444444,218.11111111111111,3.604571196945871,0.7458205591510019,0.960955877081125,0.0484998014212493,3.369342274136013,3.4150156681111112,0.1563744001111111,2.930325232676866,2.9684332670266174,84.66666666666667,13.555555555555555,84.66666666666667,13.444444444444445,C2,C2,C2,no_discretization,exact_M-of-N,5.797509043642029,0.0652769151164013,0.003649840847737,0.0444356790471739,0.0043219623967686,2.9627314724385294,17.039985654662715,0.1416852830203199,0.007252525509612,0.0066547862930096,0.0033424544178349,0.8217016927683469,1.1749888719915391,0.0348917383280001,0.2338515660803189,0.2767254030578518,27.37699764400764,4.612784167699349,27.37699764400764,4.530759073022729
soybean,0.0,0.950178687459389,0.9771383064325668,0.9236762337785356,0.9591474448946444,55.55555555555556,182.88888888888889,3.290593236621042,0.7246494563696775,0.9586517054587044,0.0436864775903001,0.082036048,0.412739934,0.0310328182222221,2.42481454999132,2.41117268163304,86.44444444444444,12.444444444444445,86.44444444444444,12.444444444444445,C2,C2,C2,no_discretization,plain,0.0,0.0310915203318894,0.0038254674338328,0.0337984543998044,0.006267700525332,2.351122663277647,10.30102476024163,0.0653523768887188,0.0072524877345664,0.0070713776415553,0.0031589184906356,0.0163758906456802,0.0767859844761219,0.0158867376047607,0.1725521539317389,0.164427356998999,25.41707649942805,3.2058973436118907,25.41707649942805,3.2058973436118907
tic-tac-toe,3.4444444444444446,0.9518266305110076,0.9828306937307718,0.964083820662768,0.9873684757662032,56.22222222222222,200.11111111111111,3.549838704190172,0.585249500133482,0.9936876020771735,0.1008341932825929,1689928043.1092482,0.398786539111111,0.0292316112222222,5.678587228912136,5.276218323586745,26.666666666666668,6.777777777777778,6.333333333333333,2.888888888888889,C2,C2,C2,no_discretization,at_least_M-of-N,3.643868518179241,0.0492658581729614,0.0246855532609674,0.0341920316941999,0.0174831450049158,5.426273532033235,25.201410895247733,0.1667542065186847,0.0111565979852444,0.0064012006553008,0.009115320206017,25.247366255004614,0.1212222674377294,0.0049865674055128,0.7958747941846412,0.6188905489575971,28.00446392988089,5.044248650140519,6.264982043070835,1.964971020425266
tic-tac-toe,0.0,0.9402850528720232,0.9880985337652975,0.9571393762183236,0.9917513473177764,59.11111111111112,205.0,3.459060884358757,0.5704606606533026,0.9991873830025696,0.0789015452805506,0.1723671037777777,0.2305197599999999,0.0466144458888888,4.667698158996791,4.3198830409356725,3.6666666666666665,5.222222222222222,0.1111111111111111,0.8888888888888888,C2,C2,C2,no_discretization,complex,0.0,0.037658885709736,0.0051270132115464,0.0262542365641482,0.0035497793020764,5.600099205470481,25.743931323712,0.1228609149884445,0.0053135042592493,0.0004868488116703,0.0072869094062258,0.0319182308669406,0.0373187950157465,0.0067700664250917,0.6404218688766866,0.4767000847429106,3.1622776601683795,2.10818510677892,0.3333333333333333,1.0540925533894598
tic-tac-toe,3.888888888888889,0.9521286629129766,0.9836245565289192,0.966423001949318,0.9885287179353904,58.22222222222222,208.44444444444449,3.5756180173570167,0.5841430954020024,0.9945442474028986,0.1029722228234472,3.863883707258436,0.356484588,0.0290980887777777,5.99460341016801,5.586634990253412,29.666666666666668,8.11111111111111,16.77777777777778,3.6666666666666665,C2,C2,C2,no_discretization,exact_M-of-N,2.3687784005919825,0.037205142754847,0.0121419357288924,0.0253846468447521,0.0087291257169299,4.236088342379611,19.881593944595533,0.1505001466647277,0.0087850025602212,0.0028312528190453,0.010692275602165,1.6903982581028252,0.067320859308172,0.0081764308937617,0.7559750154354188,0.3541427138224215,15.1657508881031,4.8074017006186525,11.475819990068006,1.7320508075688772
tic-tac-toe,0.0,0.9744785282419692,0.9944976988717508,0.979142300194932,0.996004423497951,59.333333333333336,223.22222222222223,3.757172574030077,0.5172031082544839,0.986833702681002,0.0306614940095756,0.0746363125555555,0.0946017624444444,0.0347764463333333,1.8181696791440496,1.8571028265107208,44.11111111111112,10.22222222222222,20.55555555555556,4.555555555555555,C2,C2,C2,no_discretization,plain,0.0,0.018149421567558,0.003256540731068,0.0127579684978122,0.0027277270959466,8.54400374531753,34.759091536523854,0.0776118806830589,0.00604642841615,0.0062101014591213,0.0030161871875347,0.0100944640913186,0.0135322632986036,0.0048156509961582,0.3115498611862387,0.4130094859370051,48.70688977045353,4.116363011742823,35.29557731186413,3.126943839882286
titanic,3.0,0.7054421670465247,0.7085803659839142,0.7814433932080991,0.7842160457001446,11.333333333333334,17.11111111111111,1.5057720057720057,0.2925985992748228,0.6826383728089254,0.4794771218761245,1689926262.7817223,0.324475594,0.0669172603333333,5.423547636327377,5.422503313679785,1782.5555555555557,198.66666666666663,1560.0,173.33333333333334,C2,C2,C2,no_discretization,at_least_M-of-N,0.0,0.0265607226896054,0.0086376600636477,0.0239642252756935,0.0033154730952175,1.0,2.2607766610417563,0.0676731523846903,0.0054659260298508,0.0033477591044093,0.0228458564843129,3.518545851462423,0.0780032841511239,0.0077136603307623,0.3835051250306125,0.3605756861102582,33.634473056341726,6.06217782649107,51.085712288270976,4.9749371855331
titanic,0.0,0.7059441223528095,0.7119762063192394,0.7511495040906806,0.7560580565880919,16.22222222222222,30.0,1.847514005602241,0.3289070540368513,0.73448188691322,0.3686751358762919,0.3256269792222222,0.516476335111111,0.0966667342222222,5.981446525380566,5.982211252799489,1747.7777777777778,193.77777777777777,1385.7777777777778,154.22222222222223,C2,C2,C2,no_discretization,complex,0.0,0.0222971359319618,0.0024814797168184,0.0215722637512941,0.0023985038648119,0.97182531580755,2.39791576165636,0.0511372329606641,0.0035800042675292,0.0031912439916027,0.0065069895168197,0.0196258611974229,0.0364630103436397,0.007405454103843,0.3779185350634262,0.4154601389455394,9.297550453987569,4.085883557377088,3.80058475033046,3.80058475033046
titanic,2.0,0.7015515393296059,0.7061485878149,0.7789227112756525,0.7826453156841849,13.555555555555555,22.0,1.61996336996337,0.3216070699967094,0.7264037827099796,0.3888430129364842,0.2791701952616374,0.3674263077777777,0.0787585679999999,5.26116765274598,5.262457150692446,1782.5555555555557,198.66666666666663,1563.111111111111,173.88888888888889,C2,C2,C2,no_discretization,exact_M-of-N,0.0,0.0289161533481308,0.0079927971237419,0.0257403801118382,0.0037504215483074,1.0137937550497031,2.39791576165636,0.0575941079484522,0.0067570267766394,0.0100002832089287,0.020622368593502,0.0493275442758824,0.0899829233061814,0.0066547711883921,0.3334546919609502,0.3022333854532052,33.634473056341726,6.06217782649107,50.06606746201574,4.833333333333333
titanic,0.0,0.7048434967248182,0.7115575181920506,0.778413090177796,0.7838234269329676,14.444444444444445,23.0,1.5921855921855923,0.3369825614313039,0.7788953035814374,0.2331576414312406,0.1192277495555555,0.1527821826666666,0.0643627361111111,3.367967152596128,3.3623680241327296,560.7777777777778,61.77777777777778,351.55555555555554,39.44444444444444,C2,C2,C2,no_discretization,plain,0.0,0.0269809507328078,0.0030018702208948,0.0249676111940899,0.0027769912124666,0.7264831572567788,1.224744871391589,0.0163404454382384,0.0062245434974424,0.0034325025996373,0.0021156382672999,0.007616027784402,0.0080717088977837,0.0050536146015353,0.1733881648966436,0.1853758055508526,8.6136197062817,6.572248051043451,6.105553028004735,6.105553028004734
vote,2.333333333333333,0.9551002737277248,0.9615485006949912,0.956659619450317,0.9608256346016668,9.11111111111111,17.22222222222222,1.879629629629629,0.8123793761867982,0.9575485415857974,0.4239002283683198,1689928152.689621,0.0532499088888888,0.001765687,3.852508394662213,3.881430584918957,36.44444444444444,5.222222222222222,6.777777777777778,0.7777777777777778,C2,C2,C2,no_discretization,at_least_M-of-N,1.0,0.0221910318604971,0.0069392824137983,0.0212240729442508,0.0068989891482182,0.7817359599705715,2.862594006219612,0.1793280926537022,0.0205961333995658,0.0070226511242055,0.0148491779875409,1.3583749788477215,0.0037124785026399,0.0006512898760834,0.2107606474511217,0.2353145436283298,7.828012377211586,1.9220937657784656,4.024232155883212,1.0929064207170005
vote,0.0,0.9575209951026944,0.9685937883582274,0.95671834625323,0.967634880038972,6.333333333333333,13.666666666666666,2.1587301587301586,0.8365849762083264,0.9588586462990064,0.4347197816324597,0.1537103656666666,0.1662175814444444,0.003027639,2.7564895523426767,2.7619802677942213,23.88888888888889,3.555555555555556,5.333333333333333,1.0,C2,C2,C2,no_discretization,complex,0.0,0.0301248344431976,0.0062159901304499,0.028992117660812,0.0057516890502578,0.5,1.4142135623730951,0.1614840472172682,0.0185846868929992,0.0073612131337486,0.0140114324678954,0.0546860542028066,0.0525016873796109,0.0005786720888916,0.2767701913104804,0.3511045699668697,10.421665467242322,1.5898986690282426,2.598076211353316,1.5811388300841898
vote,0.4444444444444444,0.961636221440143,0.9651355126953128,0.9617688513037348,0.9633846292140044,9.333333333333334,19.55555555555556,2.0870089786756454,0.8124957374499169,0.9619866949058372,0.4111786165205358,0.0908393594953748,0.0554241573333333,0.0023276316666666,3.8350521367967474,3.851362461827578,33.44444444444444,4.666666666666667,5.333333333333333,0.5555555555555556,C2,C2,C2,no_discretization,exact_M-of-N,0.7264831572567789,0.0246090459499803,0.0044990782767585,0.0227318816311077,0.0047704496210409,0.8660254037844387,3.045944480416177,0.1596071026384564,0.017587204983874,0.0068997966464803,0.0067248783832903,0.0045323654035535,0.0046202606873827,0.0009516210631782,0.3276712213305482,0.43164636994237,7.384292638958573,1.9364916731037085,3.0,0.881917103688197
vote,0.0,0.9342366813772044,0.938862362705836,0.938747944561898,0.9443683270409612,9.0,14.333333333333334,1.5777256693923358,0.7902377777689655,0.942562570600306,0.4578934084247078,0.0360735499999999,0.0579368833333333,0.0022041327777777,4.105864809691993,4.0287761334272965,60.11111111111112,6.444444444444445,34.0,3.111111111111111,C2,C2,C2,no_discretization,plain,0.0,0.0411058279152768,0.0098266017067158,0.0343505490093965,0.0083403636662798,1.224744871391589,3.122498999199199,0.1376343935846814,0.0232370110611587,0.0162202667422164,0.0201497657723457,0.0018996005672345,0.0034186187429983,0.0004537629079441,0.4595996231950836,0.4696152825542176,29.049287617962527,2.8771127502720115,29.15047169429682,2.666666666666667
wine,0.8888888888888888,0.954673721340388,0.9907653949174352,0.9506172839506172,0.9909808488612836,11.22222222222222,21.77777777777778,1.9381075714409048,0.887560134165348,0.9992248523393304,0.267164140375191,1689927991.1830566,0.0329182313333333,0.0017887396666666,2.9976578674948247,2.9843863471314456,0.4444444444444444,1.7777777777777777,0.1111111111111111,1.1111111111111112,C2,C2,C2,no_discretization,at_least_M-of-N,1.615893285805443,0.0518923284408669,0.0040622330821761,0.0585606974105255,0.0045331659573515,1.2018504251546631,2.905932629027116,0.1201201304233059,0.0096214114739594,0.0018197731480759,0.0118915301188479,1.9095762618156449,0.0059161137088184,0.0011004285252414,0.3388169413671457,0.3362710869005916,1.0137937550497031,1.2018504251546631,0.3333333333333333,1.0540925533894598
wine,0.0,0.9414462081128748,0.9915200712699614,0.9437182280319536,0.9923697377501726,10.555555555555555,20.55555555555556,1.945230078563412,0.8968172800631985,1.0,0.2719358221622714,0.3065897507777778,0.7194843236666667,0.0022392856666666,2.870496894409938,2.8703703703703707,0.0,2.4444444444444446,0.0,1.4444444444444444,C2,C2,C2,no_discretization,complex,0.0,0.0621558017516146,0.0031763410067506,0.0564087166770147,0.0027389417694595,1.130388330520878,2.603416558635552,0.080850727032425,0.0085980670390689,0.0,0.0051323572152667,0.0597611401380035,0.1209768183091978,0.0005852248213639,0.310254724648588,0.3093202423794457,0.0,1.4240006242195884,0.0,1.130388330520878
wine,2.0,0.9537918871252205,0.9918026940089796,0.9506172839506172,0.9923697377501726,11.22222222222222,20.77777777777778,1.8472718639385304,0.8849508422377478,0.9996438746438748,0.263996938548569,0.1433246665530734,0.0424266169999999,0.0021253478888888,2.9629399585921323,2.916485112563544,0.2222222222222222,1.6666666666666667,0.0,1.1111111111111112,C2,C2,C2,no_discretization,exact_M-of-N,1.5,0.0537896463522648,0.0033572239821387,0.0585606974105255,0.0027389417694595,1.301708279317776,3.073181485764296,0.1119949335381275,0.0103197464467029,0.000706664345904,0.0071088280933138,0.0446056607587856,0.0358523164036809,0.0010362163320527,0.3561863774383942,0.3460933634039415,0.4409585518440984,1.414213562373095,0.0,0.927960727138337
wine,0.0,0.9559082892416229,0.9943153193482286,0.9506172839506172,0.9951432022084196,14.0,27.444444444444443,1.9610093610093609,0.8893719010325457,1.0,0.2671599603237802,0.0385055223333333,0.0895755939999999,0.0052322135555555,3.739751552795031,3.7080610021786495,0.0,1.2222222222222223,0.0,0.7777777777777778,C2,C2,C2,no_discretization,plain,0.0,0.0532561432253899,0.0059271623517172,0.0585606974105255,0.0052070552551423,1.0,2.242270674512285,0.1044691777102929,0.0054966558488005,0.0,0.0035223323517657,0.0075554147068106,0.0172032641203088,0.0011707702637708,0.2621029743438622,0.4336811861056738,0.0,0.8333333333333334,0.0,0.6666666666666667
zoo,0.0,0.9166666666666666,0.9919375157470396,0.9444444444444444,0.9951024284357618,9.555555555555555,14.444444444444445,1.5083333333333335,0.8967900153728969,0.9862654320987656,0.1139857399116658,1689926522.8587203,0.1356858368888888,0.0021346982222221,1.0855786189119525,1.077777777777778,1.4444444444444444,0.2222222222222222,1.4444444444444444,0.2222222222222222,C2,C2,C2,no_discretization,at_least_M-of-N,0.0,0.1317615691736824,0.0096944484795015,0.0881917103688196,0.0058079257552907,0.7264831572567788,1.5898986690282428,0.0717398420563609,0.0133798201560536,0.0080585279620698,0.0060654192358923,1.102293466385309,0.0299441503265592,0.001717205243013,0.0406745748576481,0.1922093765778466,0.8819171036881968,0.6666666666666666,0.8819171036881968,0.6666666666666666
zoo,0.0,0.8944444444444445,0.9919375157470396,0.9333333333333332,0.9951024284357618,9.555555555555555,14.444444444444445,1.5083333333333335,0.8967900153728969,0.9862654320987656,0.1139857399116658,0.1899496647777777,0.3360043122222222,0.012878946,1.0855786189119525,1.077777777777778,1.4444444444444444,0.2222222222222222,1.4444444444444444,0.2222222222222222,C2,C2,C2,no_discretization,complex,0.0,0.1328114787542435,0.0096944484795015,0.0866025403784438,0.0058079257552907,0.7264831572567788,1.5898986690282428,0.0717398420563609,0.0133798201560536,0.0080585279620698,0.0060654192358923,0.083171574847089,0.0815360179155234,0.0033877948639347,0.0406745748576481,0.1855921454276674,0.8819171036881968,0.6666666666666666,0.8819171036881968,0.6666666666666666
zoo,0.3333333333333333,0.9166666666666666,0.9937011841773749,0.9444444444444444,0.996323429656763,9.555555555555555,14.555555555555555,1.5194444444444446,0.8984146629325038,0.9882856341189676,0.1136194395453654,0.0535580846998426,0.1412631927777777,0.001681778111111,1.0819156152489486,1.088888888888889,1.2222222222222223,0.2222222222222222,1.2222222222222223,0.2222222222222222,C2,C2,C2,no_discretization,exact_M-of-N,0.5,0.1317615691736824,0.0095384954377353,0.0881917103688196,0.0055149681521942,0.7264831572567788,1.740051084818425,0.0924628720949624,0.0112035814050998,0.0090253002573135,0.0064321390983742,0.0128458674957461,0.0317372469680568,0.0016578119276615,0.0408090522202589,0.1900292375165229,0.97182531580755,0.6666666666666666,0.97182531580755,0.6666666666666666
zoo,0.0,0.8814814814814816,0.9794028722600152,0.9343434343434344,0.9877628544295212,12.22222222222222,29.11111111111111,2.3824138824138825,0.8574218451928479,0.9926443926443924,0.0924286065311706,0.0389528831111111,0.180626871,0.0068609566666666,1.1282865282865282,1.121212121212121,1.0,0.7777777777777778,1.0,0.5555555555555556,C2,C2,C2,no_discretization,plain,0.0,0.1226004249484106,0.0137865578629648,0.0702383453727227,0.008625528427836,0.6666666666666666,1.7638342073763935,0.0840069770561861,0.0121153111749471,0.007177170098722,0.0039289238359695,0.0173930294873148,0.1002237659905801,0.005426850647861,0.0502452016629255,0.1923645815408984,1.0,0.8333333333333334,1.0,0.7264831572567789
